timestamp,aggregate,fridge,freezer,washerDryer,washingMachine,toaster,computer,televisionSite,microwave,kettle
1381323977,523,74,0,69,0,0,0,0,0,1
1381323990,526,75,0,69,0,0,0,0,0,1
1381324005,540,74,0,68,0,0,0,0,0,1
1381324020,532,74,0,68,0,0,0,0,0,1
1381324035,540,74,0,69,0,0,0,0,0,1
1381324038,539,74,0,69,0,0,0,0,0,1
1381324050,537,74,0,69,0,0,0,0,0,1
1381324051,537,74,0,69,0,0,0,0,0,1
1381324064,548,74,0,69,0,0,0,0,0,1
1381324066,557,73,0,68,0,0,0,0,0,1
1381324079,561,74,0,69,0,0,0,0,0,1
1381324081,561,74,0,69,0,0,0,0,0,1
1381324092,558,73,0,69,0,0,0,0,0,1
1381324096,558,73,0,69,0,0,0,0,0,1
1381324096,569,73,0,69,0,0,0,0,0,1
1381324107,561,73,0,69,0,0,0,0,0,1
1381324109,549,73,0,37,0,0,0,0,0,1
1381324111,549,73,0,37,0,0,0,0,0,1
1381324124,628,73,0,0,0,0,0,0,0,1
1381324126,628,73,0,0,0,0,0,0,0,1
1381324139,619,73,0,0,0,0,0,0,0,1
1381324140,617,73,0,0,0,0,0,0,0,1
1381324153,630,73,0,0,0,0,0,0,0,1
1381324155,630,73,0,0,0,0,0,0,0,1
1381324157,630,73,0,0,0,0,0,0,0,1
1381324168,637,73,0,0,0,0,0,0,0,1
1381324170,637,73,0,0,0,0,0,0,0,1
1381324172,637,72,0,0,0,0,0,0,0,1
1381324183,653,73,0,0,0,0,0,0,0,1
1381324187,653,73,0,0,0,0,0,0,0,1
1381324198,659,72,0,0,0,0,0,0,0,1
1381324200,692,72,0,0,0,0,0,0,0,1
1381324213,796,72,0,0,0,0,0,0,0,1
1381324216,796,72,0,0,0,0,0,0,0,1
1381324218,796,72,0,0,0,0,0,0,0,1
1381324228,864,72,0,0,0,0,0,0,0,1
1381324229,864,72,0,0,0,0,0,0,0,1
1381324231,864,72,0,0,0,0,0,0,0,1
1381324244,755,72,0,0,0,0,0,0,0,1
1381324246,755,72,0,0,0,0,0,0,0,1
1381324259,820,72,0,0,0,0,0,0,0,1
1381324261,820,72,0,0,0,0,0,0,0,1
1381324274,805,72,0,0,0,0,0,0,0,1
1381324274,834,72,0,0,0,0,0,0,0,1
1381324276,805,71,0,0,0,0,0,0,0,1
1381324287,845,71,0,0,0,0,0,0,0,1
1381324289,845,72,0,0,0,0,0,0,0,1
1381324291,845,72,0,0,0,0,0,0,0,1
1381324304,881,71,0,0,0,0,0,0,0,1
1381324305,938,71,0,0,0,0,0,0,0,1
1381324318,924,71,0,0,0,0,0,0,0,1
1381324320,924,71,0,0,0,0,0,0,0,1
1381324333,1293,71,0,0,0,0,0,0,0,1
1381324335,1293,71,0,0,0,0,0,0,0,1
1381324337,1310,71,0,0,0,0,0,0,0,1
1381324348,1321,71,0,0,0,0,0,0,0,1
1381324350,1321,71,0,0,0,0,0,0,0,1
1381324352,1361,71,0,0,0,0,0,0,0,1
1381324363,1401,71,0,0,0,0,0,0,0,1
1381324365,1401,71,0,0,0,0,0,0,0,1
1381324378,1398,71,0,0,0,0,0,0,0,1
1381324380,1398,71,0,0,0,0,0,0,0,1
1381324393,1452,70,0,0,0,0,0,0,0,1
1381324394,1452,71,0,0,0,0,0,0,0,1
1381324398,1452,71,0,0,0,0,0,0,0,1
1381324407,1452,70,0,0,0,0,0,0,0,1
1381324409,1452,70,0,0,0,0,0,0,0,1
1381324411,1452,70,0,0,0,0,0,0,0,1
1381324424,1396,71,0,0,0,0,0,0,0,1
1381324426,1396,70,0,0,0,0,0,0,0,1
1381324439,1388,70,0,0,0,0,0,0,0,1
1381324441,1385,70,0,0,0,0,0,0,0,1
1381324452,1377,70,0,0,0,0,0,0,0,1
1381324456,1387,70,0,0,0,0,0,0,0,1
1381324457,1387,70,0,0,0,0,0,0,0,1
1381324467,1303,70,0,0,0,0,0,0,0,1
1381324469,1303,69,0,0,0,0,0,0,0,1
1381324472,1303,69,0,0,0,0,0,0,0,1
1381324485,1322,70,0,0,0,0,0,0,0,1
1381324487,1327,70,0,0,0,0,0,0,0,1
1381324498,1373,70,0,0,0,0,0,0,0,1
1381324500,1373,70,0,0,0,0,0,0,0,1
1381324513,1392,70,0,0,0,0,0,0,0,1
1381324515,1392,70,0,0,0,0,0,0,0,1
1381324517,1392,70,0,0,0,0,0,0,0,1
1381324528,1378,70,0,0,0,0,0,0,0,1
1381324530,1378,70,0,0,0,0,0,0,0,1
1381324532,1398,70,0,0,0,0,0,0,0,1
1381324543,1360,70,0,0,0,0,0,0,0,1
1381324545,1360,70,0,0,0,0,0,0,0,1
1381324558,1279,69,0,0,0,0,0,0,0,1
1381324561,1279,69,0,0,0,0,0,0,0,1
1381324574,1338,70,0,0,0,0,0,0,0,1
1381324576,1338,70,0,0,0,0,0,0,0,1
1381324587,1354,69,0,0,0,0,0,0,0,1
1381324589,1329,69,0,0,0,0,0,0,0,1
1381324591,1329,69,0,0,0,0,0,0,0,1
1381324604,1376,69,0,0,0,0,0,0,0,1
1381324606,1376,69,0,0,0,0,0,0,0,1
1381324619,1445,69,0,0,0,0,0,0,0,1
1381324621,1445,69,0,0,0,0,0,0,0,1
1381324632,1309,69,0,0,0,0,0,0,0,1
1381324634,1346,69,0,0,0,0,0,0,0,1
1381324637,1346,69,0,0,0,0,0,0,0,1
1381324647,1322,69,0,0,0,0,0,0,0,1
1381324650,1322,69,0,0,0,0,0,0,0,1
1381324652,1322,69,0,0,0,0,0,0,0,1
1381324663,1386,68,0,0,0,0,0,0,0,1
1381324667,1386,68,0,0,0,0,0,0,0,1
1381324678,1433,69,0,0,0,0,0,0,0,1
1381324680,1286,69,0,0,0,0,0,0,0,1
1381324693,1269,69,0,0,0,0,0,0,0,1
1381324695,1269,68,0,0,0,0,0,0,0,1
1381324697,1269,68,0,0,0,0,0,0,0,1
1381324708,1260,68,0,0,0,0,0,0,0,1
1381324710,1260,68,0,0,0,0,0,0,0,1
1381324725,1723,68,0,0,0,0,0,0,0,1
1381324726,1723,69,0,0,0,0,0,0,0,1
1381324739,1723,69,0,0,0,0,0,0,0,1
1381324754,1842,69,0,0,0,0,0,0,0,1
1381324756,1842,68,0,0,0,0,0,0,0,1
1381324767,1833,47,0,0,0,0,0,0,0,1
1381324769,1833,47,0,0,0,0,0,0,0,1
1381324771,1787,47,0,0,0,0,0,0,0,1
1381324784,1627,0,0,0,0,0,0,0,0,1
1381324786,1666,0,0,0,0,0,0,0,0,1
1381324797,1763,0,0,0,0,0,0,0,0,1
1381324801,1763,0,0,0,0,0,0,0,0,1
1381324812,1947,0,0,0,0,0,0,0,0,1
1381324815,1947,0,0,0,0,0,0,0,0,1
1381324817,1923,0,0,0,0,0,0,0,0,1
1381324827,1884,0,0,0,0,0,0,0,0,1
1381324830,1912,0,0,0,0,0,0,0,0,1
1381324832,1912,0,0,0,0,0,0,0,0,1
1381324843,1828,0,0,0,0,0,0,0,0,1
1381324847,1828,0,0,0,0,0,0,0,0,1
1381324858,1614,0,0,0,0,0,0,0,0,1
1381324860,1614,0,0,0,0,0,0,0,0,1
1381324873,715,0,0,0,0,0,0,0,0,1
1381324875,751,0,0,0,0,0,0,0,0,1
1381324877,751,0,0,0,0,0,0,0,0,1
1381324888,1151,0,0,0,0,0,0,0,0,1
1381324891,1151,0,0,0,0,0,0,0,0,1
1381324904,1981,0,0,0,0,0,0,0,0,1
1381324906,2063,0,0,0,0,0,0,0,0,1
1381324919,1411,0,0,0,0,0,0,0,0,1
1381324921,1411,0,0,0,0,0,0,0,0,1
1381324934,654,0,0,0,0,0,0,0,0,1
1381324938,676,0,0,0,0,0,0,0,0,1
1381324949,629,0,0,0,0,0,0,0,0,1
1381324949,676,0,0,0,0,0,0,0,0,1
1381324951,629,0,0,0,0,0,0,0,0,1
1381324964,579,0,0,0,0,0,0,0,0,1
1381324966,579,0,0,0,0,0,0,0,0,1
1381324979,649,0,0,0,0,0,0,0,0,1
1381324980,816,0,0,0,0,0,0,0,0,1
1381324993,2395,0,0,0,0,0,0,0,0,1
1381324995,2395,0,0,0,0,0,0,0,0,1
1381324997,2395,0,0,0,0,0,0,0,0,1
1381325008,2468,0,0,0,0,0,0,0,0,1
1381325010,2468,0,0,0,0,0,0,0,0,1
1381325023,2361,0,0,0,0,0,0,0,0,1
1381325025,2504,0,0,0,0,0,0,0,0,1
1381325038,2437,0,0,0,0,0,0,0,0,1
1381325040,2437,0,0,0,0,0,0,0,0,1
1381325053,2437,0,0,0,0,0,0,0,0,1
1381325055,2437,0,0,0,0,0,0,0,0,1
1381325058,2437,0,0,0,0,0,0,0,0,1
1381325068,2546,0,0,0,0,0,0,0,0,1
1381325069,2546,0,0,0,0,0,0,0,0,1
1381325071,2443,0,0,0,0,0,0,0,0,1
1381325084,2435,0,0,0,0,0,0,0,0,1
1381325086,2435,0,0,0,0,0,0,0,0,1
1381325097,1977,0,0,0,0,0,0,0,0,1
1381325101,1977,0,0,0,0,0,0,0,0,1
1381325112,2435,0,0,0,0,0,0,0,0,1
1381325116,2090,0,0,0,0,0,0,0,0,1
1381325116,2435,0,0,0,0,0,0,0,0,1
1381325127,2565,0,0,0,0,0,0,0,0,1
1381325129,1862,0,0,0,0,0,0,0,0,1
1381325131,1862,0,0,0,0,0,0,0,0,1
1381325144,2220,0,0,0,0,0,0,0,0,1
1381325145,2220,0,0,0,0,0,0,0,0,1
1381325158,2554,0,0,0,0,0,0,0,0,1
1381325160,2554,0,0,0,0,0,0,0,0,1
1381325173,2489,0,0,0,0,0,0,0,0,1
1381325175,2471,0,0,0,0,0,0,0,0,1
1381325177,2471,0,0,0,0,0,0,0,0,1
1381325188,2066,0,0,0,0,0,0,0,0,1
1381325190,2066,0,0,0,0,0,0,0,0,1
1381325192,2066,0,0,0,0,0,0,0,0,1
1381325205,2503,0,57,0,0,0,0,0,0,1
1381325207,2489,0,57,0,0,0,0,0,0,1
1381325218,2446,0,59,0,0,0,0,0,0,1
1381325220,2146,0,59,0,0,0,0,0,0,1
1381325233,2711,0,59,0,0,0,0,0,0,1
1381325234,2711,0,59,0,0,0,0,0,0,1
1381325236,2711,0,59,0,0,0,0,0,0,1
1381325247,2538,0,58,0,0,0,0,0,0,1
1381325249,2538,0,58,0,0,0,0,0,0,1
1381325251,2538,0,56,0,0,0,0,0,0,1
1381325264,2727,0,54,0,0,0,0,0,0,1
1381325266,2675,0,54,0,0,0,0,0,0,1
1381325279,2552,0,53,0,0,0,0,0,0,1
1381325281,2552,0,53,0,0,0,0,0,0,1
1381325294,2495,0,51,0,0,0,0,0,0,1
1381325294,2495,0,52,0,0,0,0,0,0,1
1381325298,2276,0,51,0,0,0,0,0,0,1
1381325307,2217,0,50,0,0,0,0,0,0,1
1381325309,2217,0,50,0,0,0,0,0,0,1
1381325312,2217,0,50,0,0,0,0,0,0,1
1381325323,1107,0,49,0,0,0,0,0,0,1
1381325327,1107,0,50,0,0,0,0,0,0,1
1381325338,907,0,49,0,0,0,0,0,0,1
1381325340,907,0,49,0,0,0,0,0,0,1
1381325353,949,0,49,0,0,0,0,0,0,1
1381325355,938,0,49,0,0,0,0,0,0,1
1381325357,938,0,49,0,0,0,0,0,0,1
1381325368,915,0,49,0,0,0,0,0,0,1
1381325370,915,0,49,0,0,0,0,0,0,1
1381325372,915,0,49,0,0,0,0,0,0,1
1381325385,886,0,48,0,0,0,0,0,0,1
1381325387,806,0,48,0,0,0,0,0,0,1
1381325398,783,0,48,0,0,0,0,0,0,1
1381325401,783,0,48,0,0,0,0,0,0,1
1381325414,765,0,47,0,0,0,0,0,0,1
1381325416,692,0,47,0,0,0,0,0,0,1
1381325416,765,0,47,0,0,0,0,0,0,1
1381325427,698,0,48,0,0,0,0,0,0,1
1381325429,698,0,48,0,0,0,0,0,0,1
1381325431,698,0,48,0,0,0,0,0,0,1
1381325444,610,0,47,0,0,0,0,0,0,1
1381325446,610,0,47,0,0,0,0,0,0,1
1381325459,576,0,47,0,0,0,0,0,0,1
1381325461,576,0,47,0,0,0,0,0,0,1
1381325474,573,0,47,0,0,0,0,0,0,1
1381325474,573,0,48,0,0,0,0,0,0,1
1381325477,576,0,47,0,0,0,0,0,0,1
1381325487,576,0,47,0,0,0,0,0,0,1
1381325490,573,0,47,0,0,0,0,0,0,1
1381325492,573,0,47,0,0,0,0,0,0,1
1381325503,580,0,48,0,0,0,0,0,0,1
1381325507,580,0,47,0,0,0,0,0,0,1
1381325518,568,0,48,0,0,0,0,0,0,1
1381325520,578,0,48,0,0,0,0,0,0,1
1381325533,560,0,47,0,0,0,0,0,0,1
1381325535,560,0,47,0,0,0,0,0,0,1
1381325537,560,0,47,0,0,0,0,0,0,1
1381325548,567,0,47,0,0,0,0,0,0,1
1381325550,567,0,47,0,0,0,0,0,0,1
1381325550,569,0,47,0,0,0,0,0,0,1
1381325565,594,0,47,0,0,0,0,0,0,1
1381325566,594,0,47,0,0,0,0,0,0,1
1381325579,592,0,48,0,0,0,0,0,0,1
1381325581,592,0,47,0,0,0,0,0,0,1
1381325594,559,0,47,0,0,0,0,0,0,1
1381325598,559,0,47,0,0,0,0,0,0,1
1381325609,553,0,47,0,0,0,0,0,0,1
1381325611,542,0,47,0,0,0,0,0,0,1
1381325624,548,0,47,0,0,0,0,0,0,1
1381325626,548,0,47,0,0,0,0,0,0,1
1381325639,544,0,46,0,0,0,0,0,0,1
1381325641,544,0,46,0,0,0,0,0,0,1
1381325652,552,0,47,0,0,0,0,0,0,1
1381325655,641,0,47,0,0,0,0,0,0,1
1381325657,641,0,47,0,0,0,0,0,0,1
1381325668,597,0,47,0,0,0,0,0,0,1
1381325670,597,0,46,0,0,0,0,0,0,1
1381325672,597,0,46,0,0,0,0,0,0,1
1381325685,597,0,46,0,0,0,0,0,0,1
1381325698,597,0,46,0,0,0,0,0,0,1
1381325700,597,0,46,0,0,0,0,0,0,1
1381325713,503,0,46,0,0,0,0,0,0,1
1381325715,503,0,46,0,0,0,0,0,0,1
1381325717,470,0,46,0,0,0,0,0,0,1
1381325728,470,0,47,0,0,0,0,0,0,1
1381325730,462,0,47,0,0,0,0,0,0,1
1381325733,462,0,47,0,0,0,0,0,0,1
1381325744,449,0,46,0,0,0,0,0,0,1
1381325746,447,0,46,0,0,0,0,0,0,1
1381325759,448,0,46,0,0,0,0,0,0,1
1381325761,448,0,46,0,0,0,0,0,0,1
1381325772,451,0,46,0,0,0,0,0,0,1
1381325776,451,0,46,0,0,0,0,0,0,1
1381325787,428,0,47,0,0,0,0,0,0,1
1381325791,433,0,47,0,0,0,0,0,0,1
1381325804,425,0,46,0,0,0,0,0,0,1
1381325806,425,0,46,0,0,0,0,0,0,1
1381325819,438,0,46,0,0,0,0,0,0,1
1381325820,442,0,46,0,0,0,0,0,0,1
1381325833,459,0,47,0,0,0,0,0,0,1
1381325835,459,0,47,0,0,0,0,0,0,1
1381325837,459,0,46,0,0,0,0,0,0,1
1381325848,494,0,46,0,0,0,0,0,0,1
1381325850,494,0,45,0,0,0,0,0,0,1
1381325852,527,0,45,0,0,0,0,0,0,1
1381325863,562,0,45,0,0,0,0,0,0,1
1381325867,562,0,45,0,0,0,0,0,0,1
1381325878,596,0,46,0,0,0,0,0,0,1
1381325880,1974,0,46,0,0,0,0,0,0,1
1381325893,890,0,46,0,0,0,0,0,0,1
1381325895,733,0,46,0,0,0,0,0,0,1
1381325897,733,0,46,0,0,0,0,0,0,1
1381325908,527,0,46,0,0,0,0,0,0,1
1381325909,527,0,46,0,0,0,0,0,0,1
1381325911,527,0,46,0,0,0,0,0,0,1
1381325924,512,0,46,0,0,0,0,0,0,1
1381325926,512,0,46,0,0,0,0,0,0,1
1381325939,526,0,45,0,0,0,0,0,0,1
1381325941,526,0,45,0,0,0,0,0,0,1
1381325954,561,0,46,0,0,0,0,0,0,1
1381325954,576,0,46,0,0,0,0,0,0,1
1381325958,576,0,46,0,0,0,0,0,0,1
1381325969,619,0,46,0,0,0,0,0,0,1
1381325971,619,0,46,0,0,0,0,0,0,1
1381325984,631,0,46,0,0,0,0,0,0,1
1381325987,688,0,45,0,0,0,0,0,0,1
1381325998,774,0,45,0,0,0,0,0,0,1
1381326002,774,0,45,0,0,0,0,0,0,1
1381326013,856,0,45,0,0,0,0,0,0,1
1381326015,881,0,45,0,0,0,0,0,0,1
1381326017,881,0,45,0,0,0,0,0,0,1
1381326028,892,0,45,0,0,0,0,0,0,1
1381326030,920,0,45,0,0,0,0,0,0,1
1381326045,988,0,46,0,0,0,0,0,0,1
1381326060,1034,0,45,0,0,0,0,0,0,1
1381326060,1167,0,45,0,0,0,0,0,0,1
1381326073,1432,0,45,0,0,0,0,0,0,1
1381326075,1432,0,45,0,0,0,0,0,0,1
1381326076,1432,0,45,0,0,0,0,0,0,1
1381326089,2648,0,45,0,0,0,0,0,0,1
1381326091,2648,0,45,0,0,0,0,0,0,1
1381326104,941,0,45,0,0,0,0,0,0,1
1381326106,1172,0,45,0,0,0,0,0,0,1
1381326119,1940,0,45,0,0,0,0,0,0,1
1381326121,1940,0,45,0,0,0,0,0,0,1
1381326132,2543,0,44,0,0,0,0,0,0,1
1381326134,2543,0,44,0,0,0,0,0,0,1
1381326138,2493,0,45,0,0,0,0,0,0,1
1381326147,2532,0,45,0,0,0,0,0,0,1
1381326149,2532,0,45,0,0,0,0,0,0,1
1381326152,2539,0,45,0,0,0,0,0,0,1
1381326164,2539,0,45,0,0,0,0,0,0,1
1381326167,2539,0,45,0,0,0,0,0,0,1
1381326178,682,0,45,0,0,0,0,0,0,1
1381326180,764,0,45,0,0,0,0,0,0,1
1381326193,879,0,45,0,0,0,0,0,0,1
1381326195,2035,0,45,0,0,0,0,0,0,1
1381326197,2035,0,45,0,0,0,0,0,0,1
1381326206,857,0,45,0,0,0,0,0,0,1
1381326210,857,0,45,0,0,0,0,0,0,1
1381326212,857,0,43,0,0,0,0,0,0,1
1381326225,615,0,44,0,0,0,0,0,0,1
1381326227,528,0,44,0,0,0,0,0,0,1
1381326240,445,0,44,0,0,0,0,0,0,1
1381326241,445,0,44,0,0,0,0,0,0,1
1381326254,432,0,44,0,0,0,0,0,0,1
1381326256,432,0,44,0,0,0,0,0,0,1
1381326269,402,0,44,0,0,0,0,0,0,1
1381326271,402,0,44,0,0,0,0,0,0,1
1381326284,397,0,43,0,0,0,0,0,0,1
1381326286,397,0,44,0,0,0,0,0,0,1
1381326299,385,0,44,0,0,0,0,0,0,1
1381326314,367,0,44,0,0,0,0,0,0,1
1381326317,376,0,44,0,0,0,0,0,0,1
1381326327,367,0,44,0,0,0,0,0,0,1
1381326329,366,0,44,0,0,0,0,0,0,1
1381326332,366,0,44,0,0,0,0,0,0,1
1381326343,353,0,44,0,0,0,0,0,0,1
1381326347,353,0,44,0,0,0,0,0,0,1
1381326358,364,0,44,0,0,0,0,0,0,1
1381326360,363,0,43,0,0,0,0,0,0,1
1381326373,360,0,44,0,0,0,0,0,0,1
1381326375,360,0,44,0,0,0,0,0,0,1
1381326377,360,0,44,0,0,0,0,0,0,1
1381326386,363,0,43,0,0,0,0,0,0,1
1381326390,363,0,43,0,0,0,0,0,0,1
1381326392,365,0,44,0,0,0,0,0,0,1
1381326405,381,0,44,0,0,0,0,0,0,1
1381326419,379,0,44,0,0,0,0,0,0,1
1381326421,382,0,44,0,0,0,0,0,0,1
1381326434,381,0,44,0,0,0,0,0,0,1
1381326436,381,0,44,0,0,0,0,0,0,1
1381326447,390,0,43,0,0,0,0,0,0,1
1381326449,390,0,43,0,0,0,0,0,0,1
1381326451,383,0,43,0,0,0,0,0,0,1
1381326464,363,0,44,0,0,0,0,0,0,1
1381326466,363,0,44,0,0,0,0,0,0,1
1381326479,400,0,33,0,0,0,0,0,0,1
1381326481,400,0,33,0,0,0,0,0,0,1
1381326494,421,0,33,0,0,0,0,0,0,1
1381326494,428,0,33,0,0,0,0,0,0,1
1381326497,428,0,33,0,0,0,0,0,0,1
1381326508,425,0,0,0,0,0,0,0,0,1
1381326510,425,0,0,0,0,0,0,0,0,1
1381326512,425,0,0,0,0,0,0,0,0,1
1381326525,615,0,0,0,0,0,0,0,0,1
1381326527,615,0,0,0,0,0,0,0,0,1
1381326538,457,0,0,0,0,0,0,0,0,1
1381326540,457,0,0,0,0,0,0,0,0,1
1381326553,457,0,0,0,0,0,0,0,0,1
1381326555,578,0,0,0,0,0,0,0,0,1
1381326557,578,0,0,0,0,0,0,0,0,1
1381326568,606,0,0,0,0,0,0,0,0,1
1381326570,606,0,0,0,0,0,0,0,0,1
1381326573,606,0,0,0,0,0,0,0,0,1
1381326584,496,0,0,0,0,0,0,0,0,1
1381326586,431,0,0,0,0,0,0,0,0,1
1381326599,397,0,0,0,0,0,0,0,0,1
1381326601,397,0,0,0,0,0,0,0,0,1
1381326614,408,0,0,0,0,0,0,0,0,1
1381326616,408,0,0,0,0,0,0,0,0,1
1381326618,402,0,0,0,0,0,0,0,0,1
1381326627,391,0,0,0,0,0,0,0,0,1
1381326631,397,0,0,0,0,0,0,0,0,1
1381326644,397,0,0,0,0,0,0,0,0,1
1381326646,388,0,0,0,0,0,0,0,0,1
1381326659,380,0,0,0,0,0,0,0,0,1
1381326661,380,0,0,0,0,0,0,0,0,1
1381326673,379,0,0,0,0,0,0,0,0,1
1381326675,379,0,0,0,0,0,0,0,0,1
1381326677,375,0,0,0,0,0,0,0,0,1
1381326688,370,0,0,0,0,0,0,0,0,1
1381326690,369,0,0,0,0,0,0,0,0,1
1381326692,369,0,0,0,0,0,0,0,0,1
1381326705,366,0,0,0,0,0,0,0,0,1
1381326707,366,0,0,0,0,0,0,0,0,1
1381326720,370,0,0,0,0,0,0,0,0,1
1381326733,372,0,0,0,0,0,0,0,0,1
1381326735,372,0,0,0,0,0,0,0,0,1
1381326737,372,0,0,0,0,0,0,0,0,1
1381326748,376,0,0,0,0,0,0,0,0,1
1381326750,376,0,0,0,0,0,0,0,0,1
1381326751,371,0,0,0,0,0,0,0,0,1
1381326764,380,0,0,0,0,0,0,0,0,1
1381326766,380,0,0,0,0,0,0,0,0,1
1381326779,383,0,0,0,0,0,0,0,0,1
1381326781,383,0,0,0,0,0,0,0,0,1
1381326794,395,0,0,0,0,0,0,0,0,1
1381326796,395,0,0,0,0,0,0,0,0,1
1381326807,404,0,0,0,0,0,0,0,0,1
1381326809,404,0,0,0,0,0,0,0,0,1
1381326811,405,0,0,0,0,0,0,0,0,1
1381326824,415,0,0,0,0,0,0,0,0,1
1381326826,415,0,0,0,0,0,0,0,0,1
1381326839,427,0,0,0,0,0,0,0,0,1
1381326840,427,0,0,0,0,0,0,0,0,1
1381326853,451,0,0,0,0,0,0,0,0,1
1381326855,451,0,0,0,0,0,0,0,0,1
1381326857,451,0,0,0,0,0,0,0,0,1
1381326868,469,0,0,0,0,0,0,0,0,1
1381326870,469,0,0,0,0,0,0,0,0,1
1381326872,469,0,0,0,0,0,0,0,0,1
1381326885,485,0,0,0,0,0,0,0,0,1
1381326885,498,0,0,0,0,0,0,0,0,1
1381326898,496,0,0,0,0,0,0,0,0,1
1381326900,496,0,0,0,0,0,0,0,0,1
1381326913,508,0,0,0,0,0,0,0,0,1
1381326915,508,0,0,0,0,0,0,0,0,1
1381326918,510,0,0,0,0,0,0,0,0,1
1381326928,504,0,0,0,0,0,0,0,0,1
1381326929,512,0,0,0,0,0,0,0,0,1
1381326931,512,0,0,0,0,0,0,0,0,1
1381326944,499,0,0,0,0,0,0,0,0,1
1381326946,484,0,0,0,0,0,0,0,0,1
1381326959,479,0,0,0,0,0,0,0,0,1
1381326961,467,0,0,0,0,0,0,0,0,1
1381326972,456,0,0,0,0,0,0,0,0,1
1381326976,456,0,0,0,0,0,0,0,0,1
1381326978,458,0,0,0,0,0,0,0,0,1
1381326987,446,0,0,0,0,0,0,0,0,1
1381326989,440,0,0,0,0,0,0,0,0,1
1381326991,440,0,0,0,0,0,0,0,0,1
1381327005,420,0,0,0,0,0,0,0,0,1
1381327007,420,0,0,0,0,0,0,0,0,1
1381327018,417,0,0,0,0,0,0,0,0,1
1381327020,414,0,0,0,0,0,0,0,0,1
1381327033,412,0,0,0,0,0,0,0,0,1
1381327035,412,0,0,0,0,0,0,0,0,1
1381327037,412,0,0,0,0,0,0,0,0,1
1381327048,399,0,0,0,0,0,0,0,0,1
1381327050,399,0,0,0,0,0,0,0,0,1
1381327052,400,0,0,0,0,0,0,0,0,1
1381327065,392,0,0,0,0,0,0,0,0,1
1381327078,389,0,0,0,0,0,0,0,0,1
1381327080,389,0,0,0,0,0,0,0,0,1
1381327094,376,0,0,0,0,0,0,0,0,1
1381327096,376,0,0,0,0,0,0,0,0,1
1381327107,374,0,0,0,0,0,0,0,0,1
1381327109,374,0,0,0,0,0,0,0,0,1
1381327111,371,0,0,0,0,0,0,0,0,1
1381327124,375,0,0,0,0,0,0,0,0,1
1381327126,375,0,0,0,0,0,0,0,0,1
1381327139,377,0,0,0,0,0,0,0,0,1
1381327141,377,0,0,0,0,0,0,0,0,1
1381327152,375,0,0,0,0,0,0,0,0,1
1381327154,369,0,0,0,0,0,0,0,0,1
1381327157,369,0,0,0,0,0,0,0,0,1
1381327167,360,0,0,0,0,0,0,0,0,1
1381327169,360,0,0,0,0,0,0,0,0,1
1381327172,360,0,0,0,0,0,0,0,0,1
1381327183,347,0,0,0,0,0,0,0,0,1
1381327187,342,0,0,0,0,0,0,0,0,1
1381327198,337,0,0,0,0,0,0,0,0,1
1381327200,337,0,0,0,0,0,0,0,0,1
1381327213,324,0,0,0,0,0,0,0,0,1
1381327215,315,0,0,0,0,0,0,0,0,1
1381327217,315,0,0,0,0,0,0,0,0,1
1381327228,307,0,0,0,0,0,0,0,0,1
1381327230,307,0,0,0,0,0,0,0,0,1
1381327232,307,0,0,0,0,0,0,0,0,1
1381327245,210,0,0,0,0,0,0,0,0,1
1381327245,297,0,0,0,0,0,0,0,0,1
1381327259,220,0,0,83,0,0,0,0,0,1
1381327261,220,0,0,83,0,0,0,0,0,1
1381327274,2004,0,0,81,0,0,0,0,0,1
1381327276,2004,0,0,81,0,0,0,0,0,1
1381327289,2027,0,0,79,0,0,0,0,0,1
1381327289,2027,0,0,80,0,0,0,0,0,1
1381327291,2006,0,0,79,0,0,0,0,0,1
1381327304,1990,0,0,77,0,0,0,0,0,1
1381327306,1990,0,0,77,0,0,0,0,0,1
1381327319,2079,0,0,76,0,0,0,0,0,1
1381327321,2079,0,0,77,0,0,0,0,0,1
1381327332,2065,0,0,76,0,0,0,0,0,1
1381327334,2065,0,0,76,0,0,0,0,0,1
1381327337,2049,0,0,76,0,0,0,0,0,1
1381327347,2078,0,0,76,0,0,0,0,0,1
1381327350,2041,0,0,76,0,0,0,0,0,1
1381327352,2041,0,0,76,0,0,0,0,0,1
1381327363,2048,0,0,75,0,0,0,0,0,1
1381327365,2048,0,0,75,0,0,0,0,0,1
1381327378,2090,0,0,75,0,0,0,0,0,1
1381327380,2068,0,0,75,0,0,0,0,0,1
1381327393,2061,0,0,75,0,0,0,0,0,1
1381327395,2028,0,0,75,0,0,0,0,0,1
1381327397,2028,0,0,75,0,0,0,0,0,1
1381327408,2042,0,0,74,0,0,0,0,0,1
1381327410,2042,0,0,74,0,0,0,0,0,1
1381327412,2042,0,0,74,0,0,0,0,0,1
1381327423,2071,0,0,75,0,0,0,0,0,1
1381327426,2058,0,0,75,0,0,0,0,0,1
1381327439,2061,0,0,74,0,0,0,0,0,1
1381327441,2061,0,0,74,0,0,0,0,0,1
1381327452,2061,0,0,73,0,0,0,0,0,1
1381327454,2061,0,0,73,0,0,0,0,0,1
1381327458,2061,0,0,73,0,0,0,0,0,1
1381327467,2041,0,0,74,0,0,0,0,0,1
1381327469,2041,0,0,73,0,0,0,0,0,1
1381327471,2061,0,0,73,0,0,0,0,0,1
1381327484,2039,0,0,73,0,0,0,0,0,1
1381327486,2039,0,0,73,0,0,0,0,0,1
1381327499,2108,0,0,72,0,0,0,0,0,1
1381327502,2108,0,0,73,0,0,0,0,0,1
1381327512,2078,0,0,73,0,0,0,0,0,1
1381327515,2078,0,0,72,0,0,0,0,0,1
1381327517,2078,0,0,72,0,0,0,0,0,1
1381327528,2078,0,0,73,0,0,0,0,0,1
1381327530,2110,0,0,73,0,0,0,0,0,1
1381327532,2110,0,0,73,0,0,0,0,0,1
1381327545,2071,0,0,73,0,0,0,0,0,1
1381327558,2077,0,0,72,0,0,0,0,0,1
1381327560,2077,0,0,72,0,0,0,0,0,1
1381327573,219,0,0,73,0,0,0,0,0,1
1381327575,219,0,0,73,0,0,0,0,0,1
1381327577,219,0,0,73,0,0,0,0,0,1
1381327588,219,0,0,72,0,0,0,0,0,1
1381327590,219,0,0,72,0,0,0,0,0,1
1381327591,217,0,0,72,0,0,0,0,0,1
1381327604,212,0,0,73,0,0,0,0,0,1
1381327606,212,0,0,72,0,0,0,0,0,1
1381327619,210,0,0,72,0,0,0,0,0,1
1381327621,210,0,0,72,0,0,0,0,0,1
1381327632,212,0,0,71,0,0,0,0,0,1
1381327634,212,0,0,71,0,0,0,0,0,1
1381327636,212,0,0,71,0,0,0,0,0,1
1381327647,216,0,0,72,0,0,0,0,0,1
1381327649,216,0,0,72,0,0,0,0,0,1
1381327651,216,0,0,72,0,0,0,0,0,1
1381327664,220,0,0,71,0,0,0,0,0,1
1381327666,217,0,0,71,0,0,0,0,0,1
1381327679,229,0,0,72,0,0,0,0,0,1
1381327680,229,0,0,72,0,0,0,0,0,1
1381327693,233,0,0,71,0,0,0,0,0,1
1381327695,233,0,0,71,0,0,0,0,0,1
1381327697,3003,0,0,71,0,0,0,0,0,1
1381327708,2904,0,0,71,0,0,0,0,0,1
1381327710,2910,0,0,71,0,0,0,0,0,1
1381327712,2910,0,0,71,0,0,0,0,0,1
1381327723,2852,0,0,71,0,0,0,0,0,1
1381327727,2852,0,0,71,0,0,0,0,0,1
1381327738,2764,0,0,71,0,0,0,0,0,1
1381327740,2767,0,0,71,0,0,0,0,0,1
1381327753,2791,0,0,71,0,0,0,0,0,1
1381327755,2762,0,0,71,0,0,0,0,0,1
1381327758,2762,0,0,71,0,0,0,0,0,1
1381327768,2799,0,0,71,0,0,0,0,0,1
1381327769,2799,0,0,71,0,0,0,0,0,1
1381327771,2799,0,0,71,0,0,0,0,0,1
1381327784,2724,0,0,71,0,0,0,0,0,1
1381327786,2724,0,0,71,0,0,0,0,0,1
1381327799,2660,0,0,71,0,0,0,0,0,1
1381327801,2660,0,0,71,0,0,0,0,0,1
1381327814,2645,0,0,71,0,0,0,0,0,1
1381327816,2645,0,0,71,0,0,0,0,0,1
1381327827,346,0,0,71,0,0,0,0,0,1
1381327829,349,0,0,71,0,0,0,0,0,1
1381327831,349,0,0,71,0,0,0,0,0,1
1381327844,368,0,0,71,0,0,0,0,0,1
1381327845,368,0,0,71,0,0,0,0,0,1
1381327858,388,0,0,71,0,0,0,0,0,1
1381327860,399,0,0,71,0,0,0,0,0,1
1381327873,424,0,0,71,0,0,0,0,0,1
1381327877,424,0,0,71,0,0,0,0,0,1
1381327888,439,13,0,71,0,0,0,0,0,1
1381327890,445,12,0,71,0,0,0,0,0,1
1381327892,445,12,0,71,0,0,0,0,0,1
1381327905,472,12,0,71,0,0,0,0,0,1
1381327920,490,12,0,71,0,0,0,0,0,1
1381327934,525,0,0,71,0,0,0,0,0,1
1381327936,525,0,0,71,0,0,0,0,0,1
1381327949,536,0,0,71,0,0,0,0,0,1
1381327951,536,0,0,71,0,0,0,0,0,1
1381327964,547,0,0,70,0,0,0,0,0,1
1381327966,570,0,0,70,0,0,0,0,0,1
1381327979,574,0,0,71,0,0,0,0,0,1
1381327981,574,0,0,71,0,0,0,0,0,1
1381327992,578,0,0,70,0,0,0,0,0,1
1381327994,578,0,0,70,0,0,0,0,0,1
1381327996,591,0,0,70,0,0,0,0,0,1
1381328007,602,0,0,71,0,0,0,0,0,1
1381328009,602,0,0,70,0,0,0,0,0,1
1381328011,602,0,0,70,0,0,0,0,0,1
1381328025,594,0,0,71,0,0,0,0,0,1
1381328038,610,0,0,71,0,0,0,0,0,1
1381328040,610,0,0,71,0,0,0,0,0,1
1381328053,615,0,0,70,0,0,0,0,0,1
1381328055,615,0,0,70,0,0,0,0,0,1
1381328057,612,0,0,70,0,0,0,0,0,1
1381328068,620,0,0,70,0,0,0,0,0,1
1381328070,619,0,0,70,0,0,0,0,0,1
1381328072,619,0,0,71,0,0,0,0,0,1
1381328083,646,0,0,70,0,0,0,0,0,1
1381328087,646,0,0,70,0,0,0,0,0,1
1381328098,665,0,0,70,0,0,0,0,0,1
1381328101,670,0,0,70,0,0,0,0,0,1
1381328113,685,0,0,70,0,0,0,0,0,1
1381328116,685,0,0,70,0,0,0,0,0,1
1381328127,687,0,0,69,0,0,0,0,0,1
1381328129,684,0,0,69,0,0,0,0,0,1
1381328131,684,0,0,69,0,0,0,0,0,1
1381328144,686,0,0,71,0,0,0,0,0,1
1381328146,686,0,0,71,0,0,0,0,0,1
1381328159,707,0,0,70,0,0,0,0,0,1
1381328172,739,0,0,69,0,0,0,0,0,1
1381328174,739,0,0,69,0,0,0,0,0,1
1381328177,739,0,0,69,0,0,0,0,0,1
1381328187,763,0,0,70,0,0,0,0,0,1
1381328189,763,0,0,70,0,0,0,0,0,1
1381328192,791,0,0,69,0,0,0,0,0,1
1381328203,822,0,0,70,0,0,0,0,0,1
1381328207,822,0,0,70,0,0,0,0,0,1
1381328218,937,0,0,70,0,0,0,0,0,1
1381328220,937,0,0,70,0,0,0,0,0,1
1381328233,1169,0,0,70,0,0,0,0,0,1
1381328235,1293,0,0,70,0,0,0,0,0,1
1381328237,1293,0,0,70,0,0,0,0,0,1
1381328246,1293,0,0,70,0,0,0,0,0,1
1381328250,1501,0,0,70,0,0,0,0,0,1
1381328252,1501,0,0,70,0,0,0,0,0,1
1381328265,923,0,0,70,0,0,0,0,0,1
1381328266,888,0,0,70,0,0,0,0,0,1
1381328279,838,0,0,70,0,0,0,0,0,1
1381328281,838,0,0,70,0,0,0,0,0,1
1381328294,821,0,0,70,0,0,0,0,0,1
1381328296,805,0,0,70,0,0,0,0,0,1
1381328296,821,0,0,70,0,0,0,0,0,1
1381328307,805,0,0,69,0,0,0,0,0,1
1381328311,813,0,0,69,0,0,0,0,0,1
1381328324,824,0,0,69,0,0,0,0,0,1
1381328326,824,0,0,69,0,0,0,0,0,1
1381328339,729,0,0,70,0,0,0,0,0,1
1381328341,729,0,0,70,0,0,0,0,0,1
1381328354,693,0,0,70,0,0,0,0,0,1
1381328355,693,0,57,70,0,0,0,0,0,1
1381328357,693,0,57,70,0,0,0,0,0,1
1381328368,664,0,59,69,0,0,0,0,0,1
1381328370,660,0,59,70,0,0,0,0,0,1
1381328370,664,0,59,69,0,0,0,0,0,1
1381328383,614,0,59,69,0,0,0,0,0,1
1381328385,614,0,59,69,0,0,0,0,0,1
1381328398,613,0,60,70,0,0,0,0,0,1
1381328400,613,0,57,70,0,0,0,0,0,1
1381328413,603,0,55,70,0,0,0,0,0,1
1381328415,603,0,55,70,0,0,0,0,0,1
1381328417,603,0,55,70,0,0,0,0,0,1
1381328428,571,0,53,69,0,0,0,0,0,1
1381328430,571,0,53,69,0,0,0,0,0,1
1381328431,563,0,53,69,0,0,0,0,0,1
1381328444,541,0,52,70,0,0,0,0,0,1
1381328446,541,0,52,69,0,0,0,0,0,1
1381328459,536,0,51,70,0,0,0,0,0,1
1381328461,536,0,51,70,0,0,0,0,0,1
1381328472,524,0,50,69,0,0,0,0,0,1
1381328476,521,0,50,69,0,0,0,0,0,1
1381328487,524,0,49,69,0,0,0,0,0,1
1381328489,524,0,49,70,0,0,0,0,0,1
1381328491,524,0,49,70,0,0,0,0,0,1
1381328504,527,0,49,69,0,0,0,0,0,1
1381328506,527,0,49,69,0,0,0,0,0,1
1381328519,545,0,49,69,0,0,0,0,0,1
1381328520,545,0,49,69,0,0,0,0,0,1
1381328533,546,0,48,70,0,0,0,0,0,1
1381328535,546,0,48,70,0,0,0,0,0,1
1381328537,540,0,49,70,0,0,0,0,0,1
1381328548,540,0,49,69,0,0,0,0,0,1
1381328550,540,0,48,69,0,0,0,0,0,1
1381328552,540,0,48,70,0,0,0,0,0,1
1381328563,532,0,48,69,0,0,0,0,0,1
1381328565,532,0,48,69,0,0,0,0,0,1
1381328578,522,0,49,69,0,0,0,0,0,1
1381328580,522,0,49,69,0,0,0,0,0,1
1381328593,508,0,48,69,0,0,0,0,0,1
1381328595,508,0,48,69,0,0,0,0,0,1
1381328597,499,0,48,69,0,0,0,0,0,1
1381328608,493,0,48,69,0,0,0,0,0,1
1381328609,493,0,48,69,0,0,0,0,0,1
1381328611,493,0,48,69,0,0,0,0,0,1
1381328624,478,0,48,69,0,0,0,0,0,1
1381328626,478,0,48,69,0,0,0,0,0,1
1381328637,456,0,48,69,0,0,0,0,0,1
1381328641,455,0,48,69,0,0,0,0,0,1
1381328652,457,0,47,69,0,0,0,0,0,1
1381328656,457,0,48,69,0,0,0,0,0,1
1381328667,451,0,48,69,0,0,0,0,0,1
1381328669,451,0,48,69,0,0,0,0,0,1
1381328671,454,0,48,69,0,0,0,0,0,1
1381328684,444,0,48,69,0,0,0,0,0,1
1381328686,444,0,48,69,0,0,0,0,0,1
1381328698,446,0,48,69,0,0,0,0,0,1
1381328700,446,0,48,69,0,0,0,0,0,1
1381328713,450,0,48,69,0,0,0,0,0,1
1381328715,450,0,48,69,0,0,0,0,0,1
1381328717,450,0,48,69,0,0,0,0,0,1
1381328728,448,0,47,70,0,0,0,0,0,1
1381328732,443,0,48,69,0,0,0,0,0,1
1381328743,438,0,47,69,0,0,0,0,0,1
1381328747,438,0,47,69,0,0,0,0,0,1
1381328758,426,0,47,69,0,0,0,0,0,1
1381328762,426,0,48,69,0,0,0,0,0,1
1381328773,432,0,47,69,0,0,0,0,0,1
1381328776,424,0,47,69,0,0,0,0,0,1
1381328778,424,0,47,69,0,0,0,0,0,1
1381328789,406,0,47,69,0,0,0,0,0,1
1381328791,406,0,47,69,0,0,0,0,0,1
1381328793,406,0,47,69,0,0,0,0,0,1
1381328806,395,0,48,69,0,0,0,0,0,1
1381328808,395,0,48,69,0,0,0,0,0,1
1381328821,392,0,47,69,0,0,0,0,0,1
1381328834,386,0,47,69,0,0,0,0,0,1
1381328836,386,0,47,69,0,0,0,0,0,1
1381328838,386,0,47,69,0,0,0,0,0,1
1381328849,386,0,47,69,0,0,0,0,0,1
1381328851,386,0,47,69,0,0,0,0,0,1
1381328852,386,0,47,69,0,0,0,0,0,1
1381328865,390,0,48,68,0,0,0,0,0,1
1381328867,390,0,48,68,0,0,0,0,0,1
1381328880,390,0,47,69,0,0,0,0,0,1
1381328882,390,0,47,69,0,0,0,0,0,1
1381328895,392,0,47,69,0,0,0,0,0,1
1381328897,399,0,47,69,0,0,0,0,0,1
1381328910,377,0,47,69,0,0,0,0,0,1
1381328912,377,0,47,69,0,0,0,0,0,1
1381328915,377,0,47,69,0,0,0,0,0,1
1381328925,358,0,47,69,0,0,0,0,0,1
1381328930,346,0,47,69,0,0,0,0,0,1
1381328941,324,0,46,68,0,0,0,0,0,1
1381328945,324,0,46,68,0,0,0,0,0,1
1381328954,306,0,46,68,0,0,0,0,0,1
1381328956,306,0,46,68,0,0,0,0,0,1
1381328958,296,0,46,68,0,0,0,0,0,1
1381328969,284,0,47,69,0,0,0,0,0,1
1381328971,284,0,47,69,0,0,0,0,0,1
1381328973,284,0,47,69,0,0,0,0,0,1
1381328984,263,0,47,68,0,0,0,0,0,1
1381328986,263,0,47,69,0,0,0,0,0,1
1381328999,254,0,47,69,0,0,0,0,0,1
1381329001,250,0,47,69,0,0,0,0,0,1
1381329012,247,0,46,69,0,0,0,0,0,1
1381329016,247,0,46,69,0,0,0,0,0,1
1381329017,247,0,46,68,0,0,0,0,0,1
1381329027,250,0,47,69,0,0,0,0,0,1
1381329030,250,0,46,68,0,0,0,0,0,1
1381329032,250,0,46,68,0,0,0,0,0,1
1381329045,251,0,46,69,0,0,0,0,0,1
1381329047,251,0,46,69,0,0,0,0,0,1
1381329058,243,0,46,68,0,0,0,0,0,1
1381329060,240,0,46,68,0,0,0,0,0,1
1381329073,242,0,46,69,0,0,0,0,0,1
1381329075,242,0,46,69,0,0,0,0,0,1
1381329077,242,0,46,69,0,0,0,0,0,1
1381329088,234,0,46,69,0,0,0,0,0,1
1381329090,234,0,46,69,0,0,0,0,0,1
1381329105,234,0,46,68,0,0,0,0,0,1
1381329119,233,0,47,69,0,0,0,0,0,1
1381329121,233,0,47,69,0,0,0,0,0,1
1381329134,235,0,45,68,0,0,0,0,0,1
1381329134,240,0,45,68,0,0,0,0,0,1
1381329138,235,0,45,68,0,0,0,0,0,1
1381329149,242,0,46,68,0,0,0,0,0,1
1381329151,242,0,46,68,0,0,0,0,0,1
1381329164,242,0,46,68,0,0,0,0,0,1
1381329166,250,0,45,68,0,0,0,0,0,1
1381329179,252,0,46,69,0,0,0,0,0,1
1381329181,252,0,46,69,0,0,0,0,0,1
1381329192,264,0,46,69,0,0,0,0,0,1
1381329195,261,0,46,69,0,0,0,0,0,1
1381329197,261,0,46,69,0,0,0,0,0,1
1381329208,263,0,45,69,0,0,0,0,0,1
1381329210,263,0,45,69,0,0,0,0,0,1
1381329212,263,0,45,69,0,0,0,0,0,1
1381329225,267,0,45,68,0,0,0,0,0,1
1381329227,267,0,45,68,0,0,0,0,0,1
1381329240,258,0,45,68,0,0,0,0,0,1
1381329240,258,0,45,69,0,0,0,0,0,1
1381329253,257,0,44,69,0,0,0,0,0,1
1381329255,257,0,44,69,0,0,0,0,0,1
1381329257,255,0,44,69,0,0,0,0,0,1
1381329268,250,0,45,68,0,0,0,0,0,1
1381329270,250,0,45,68,0,0,0,0,0,1
1381329272,250,0,45,68,0,0,0,0,0,1
1381329284,246,0,44,68,0,0,0,0,0,1
1381329286,246,0,44,68,0,0,0,0,0,1
1381329299,236,0,45,68,0,0,0,0,0,1
1381329301,236,0,45,68,0,0,0,0,0,1
1381329314,235,0,45,68,0,0,0,0,0,1
1381329316,235,0,45,68,0,0,0,0,0,1
1381329329,221,0,44,33,0,0,0,0,0,1
1381329329,227,0,44,33,0,0,0,0,0,1
1381329331,221,0,44,33,0,0,0,0,0,1
1381329344,298,0,44,0,0,0,0,0,0,1
1381329346,298,0,45,0,0,0,0,0,0,1
1381329359,292,0,44,0,0,0,0,0,0,1
1381329361,296,0,44,0,0,0,0,0,0,1
1381329373,292,0,44,0,0,0,0,0,0,1
1381329375,292,0,44,0,0,0,0,0,0,1
1381329377,292,0,44,0,0,0,0,0,0,1
1381329388,290,0,44,0,0,0,0,0,0,1
1381329390,290,0,44,0,0,0,0,0,0,1
1381329392,292,0,44,0,0,0,0,0,0,1
1381329403,286,0,45,0,0,0,0,0,0,1
1381329405,286,0,45,0,0,0,0,0,0,1
1381329418,289,0,44,0,0,0,0,0,0,1
1381329420,289,0,44,0,0,0,0,0,0,1
1381329433,285,0,44,0,0,0,0,0,0,1
1381329435,277,0,44,0,0,0,0,0,0,1
1381329438,277,0,44,0,0,0,0,0,0,1
1381329448,283,0,45,0,0,0,0,0,0,1
1381329450,283,0,45,0,0,0,0,0,0,1
1381329451,280,0,44,0,0,0,0,0,0,1
1381329464,274,0,44,0,0,0,0,0,0,1
1381329466,276,0,44,0,0,0,0,0,0,1
1381329479,270,0,44,0,0,0,0,0,0,1
1381329481,270,0,44,0,0,0,0,0,0,1
1381329492,256,0,44,0,0,0,0,0,0,1
1381329496,252,0,44,0,0,0,0,0,0,1
1381329507,249,0,44,0,0,0,0,0,0,1
1381329509,249,0,44,0,0,0,0,0,0,1
1381329511,249,0,44,0,0,0,0,0,0,1
1381329524,249,0,45,0,0,0,0,0,0,1
1381329526,250,0,45,0,0,0,0,0,0,1
1381329539,255,0,44,0,0,0,0,0,0,1
1381329540,255,0,44,0,0,0,0,0,0,1
1381329553,252,0,44,0,0,0,0,0,0,1
1381329555,252,0,44,0,0,0,0,0,0,1
1381329557,252,0,44,0,0,0,0,0,0,1
1381329568,252,0,44,0,0,0,0,0,0,1
1381329570,253,0,44,0,0,0,0,0,0,1
1381329585,250,0,44,0,0,0,0,0,0,1
1381329598,252,0,44,0,0,0,0,0,0,1
1381329600,252,0,44,0,0,0,0,0,0,1
1381329613,249,0,43,0,0,0,0,0,0,1
1381329615,249,0,44,0,0,0,0,0,0,1
1381329618,256,0,44,0,0,0,0,0,0,1
1381329628,253,0,44,0,0,0,0,0,0,1
1381329629,256,0,44,0,0,0,0,0,0,1
1381329631,256,0,44,0,0,0,0,0,0,1
1381329644,256,0,44,0,0,0,0,0,0,1
1381329646,256,0,43,0,0,0,0,0,0,1
1381329659,257,0,44,0,0,0,0,0,0,1
1381329661,262,0,44,0,0,0,0,0,0,1
1381329672,261,0,43,0,0,0,0,0,0,1
1381329676,261,0,32,0,0,0,0,0,0,1
1381329676,261,0,43,0,0,0,0,0,0,1
1381329687,257,0,32,0,0,0,0,0,0,1
1381329689,257,0,32,0,0,0,0,0,0,1
1381329691,257,0,32,0,0,0,0,0,0,1
1381329705,257,0,0,0,0,0,0,0,0,1
1381329718,256,0,0,0,0,0,0,0,0,1
1381329720,256,0,0,0,0,0,0,0,0,1
1381329733,256,0,0,0,0,0,0,0,0,1
1381329735,256,0,0,0,0,0,0,0,0,1
1381329737,256,0,0,0,0,0,0,0,0,1
1381329748,259,0,0,0,0,0,0,0,0,1
1381329750,259,0,0,0,0,0,0,0,0,1
1381329752,253,0,0,0,0,0,0,0,0,1
1381329765,256,0,0,0,0,0,0,0,0,1
1381329767,256,0,0,0,0,0,0,0,0,1
1381329778,255,0,0,0,0,0,0,0,0,1
1381329780,255,0,0,0,0,0,0,0,0,1
1381329794,258,0,0,0,0,0,0,0,0,1
1381329796,255,0,0,0,0,0,0,0,0,1
1381329807,261,0,0,0,0,0,0,0,0,1
1381329809,261,0,0,0,0,0,0,0,0,1
1381329811,261,0,0,0,0,0,0,0,0,1
1381329824,258,0,0,0,0,0,0,0,0,1
1381329826,258,0,0,0,0,0,0,0,0,1
1381329839,256,0,0,0,0,0,0,0,0,1
1381329854,255,0,0,0,0,0,0,0,0,1
1381329857,261,0,0,0,0,0,0,0,0,1
1381329867,256,0,0,0,0,0,0,0,0,1
1381329869,256,0,0,0,0,0,0,0,0,1
1381329872,256,0,0,0,0,0,0,0,0,1
1381329883,255,0,0,0,0,0,0,0,0,1
1381329887,255,0,0,0,0,0,0,0,0,1
1381329898,255,0,0,0,0,0,0,0,0,1
1381329900,255,0,0,0,0,0,0,0,0,1
1381329913,256,0,0,0,0,0,0,0,0,1
1381329915,256,0,0,0,0,0,0,0,0,1
1381329917,257,0,0,0,0,0,0,0,0,1
1381329926,257,0,0,0,0,0,0,0,0,1
1381329930,273,0,0,0,0,0,0,0,0,1
1381329945,267,0,0,0,0,0,0,0,0,1
1381329958,267,0,0,0,0,0,0,0,0,1
1381329961,268,0,0,0,0,0,0,0,0,1
1381329974,273,0,0,0,0,0,0,0,0,1
1381329978,265,0,0,0,0,0,0,0,0,1
1381329987,270,0,0,0,0,0,0,0,0,1
1381329989,270,0,0,0,0,0,0,0,0,1
1381329991,270,0,0,0,0,0,0,0,0,1
1381330004,269,0,0,0,0,0,0,0,0,1
1381330006,269,0,0,0,0,0,0,0,0,1
1381330019,264,0,0,0,0,0,0,0,0,1
1381330021,265,0,0,0,0,0,0,0,0,1
1381330032,263,0,0,0,0,0,0,0,0,1
1381330036,263,0,0,0,0,0,0,0,0,1
1381330037,263,0,0,0,0,0,0,0,0,1
1381330047,263,0,0,0,0,0,0,0,0,1
1381330050,263,0,0,0,0,0,0,0,0,1
1381330052,270,0,0,0,0,0,0,0,0,1
1381330065,273,0,0,0,0,0,0,0,0,1
1381330078,273,0,0,0,0,0,0,0,0,1
1381330080,273,0,0,0,0,0,0,0,0,1
1381330093,275,0,0,0,0,0,0,0,0,1
1381330095,275,0,0,0,0,0,0,0,0,1
1381330097,275,0,0,0,0,0,0,0,0,1
1381330108,291,0,0,0,0,0,0,0,0,1
1381330110,291,0,0,0,0,0,0,0,0,1
1381330112,291,0,0,0,0,0,0,0,0,1
1381330123,295,0,0,0,0,0,0,0,0,1
1381330126,310,0,0,0,0,0,0,0,0,1
1381330139,322,0,0,0,0,0,0,0,0,1
1381330141,322,0,0,0,0,0,0,0,0,1
1381330154,334,0,0,0,0,0,0,0,0,1
1381330158,334,0,0,0,0,0,0,0,0,1
1381330169,356,0,0,0,0,0,0,0,0,1
1381330171,356,0,0,0,0,0,0,0,0,1
1381330173,356,0,0,0,0,0,0,0,0,1
1381330184,361,0,0,0,0,0,0,0,0,1
1381330188,363,0,0,0,0,0,0,0,0,1
1381330199,371,0,0,0,0,0,0,0,0,1
1381330202,371,0,0,0,0,0,0,0,0,1
1381330214,366,0,0,0,0,0,0,0,0,1
1381330217,363,0,0,0,0,0,0,0,0,1
1381330228,356,0,0,0,0,0,0,0,0,1
1381330230,356,0,0,0,0,0,0,0,0,1
1381330232,356,0,0,0,0,0,0,0,0,1
1381330245,353,0,0,0,0,0,0,0,0,1
1381330260,343,0,0,0,0,0,0,0,0,1
1381330275,335,0,0,0,0,0,0,0,0,1
1381330277,325,0,0,0,0,0,0,0,0,1
1381330290,324,0,0,0,0,0,0,0,0,1
1381330293,324,0,0,0,0,0,0,0,0,1
1381330304,319,0,0,0,0,0,0,0,0,1
1381330308,319,0,0,0,0,0,0,0,0,1
1381330319,315,0,0,0,0,0,0,0,0,1
1381330323,313,0,0,0,0,0,0,0,0,1
1381330334,311,0,0,0,0,0,0,0,0,1
1381330336,311,0,0,0,0,0,0,0,0,1
1381330338,311,0,0,0,0,0,0,0,0,1
1381330349,310,0,0,0,0,0,0,0,0,1
1381330351,315,0,0,0,0,0,0,0,0,1
1381330353,315,0,0,0,0,0,0,0,0,1
1381330366,319,0,0,0,0,0,0,0,0,1
1381330367,319,0,0,0,0,0,0,0,0,1
1381330382,323,0,0,0,0,0,0,0,0,1
1381330397,330,0,0,0,0,0,0,0,0,1
1381330412,333,0,0,0,0,0,0,0,0,1
1381330427,360,0,0,0,0,0,0,0,0,1
1381330442,365,0,0,0,0,0,0,0,0,1
1381330458,390,0,0,0,0,0,0,0,0,1
1381330460,390,0,0,0,0,0,0,0,0,1
1381330473,404,0,0,0,0,0,0,0,0,1
1381330475,417,0,0,0,0,0,0,0,0,1
1381330488,433,0,0,0,0,0,0,0,0,1
1381330490,433,0,0,0,0,0,0,0,0,1
1381330503,451,0,0,0,0,0,0,0,0,1
1381330505,482,0,0,0,0,0,0,0,0,1
1381330516,495,0,0,0,0,0,0,0,0,1
1381330518,495,0,0,0,0,0,0,0,0,1
1381330520,495,0,0,0,0,0,0,0,0,1
1381330531,524,0,0,0,0,0,0,0,0,1
1381330532,524,0,0,0,0,0,0,0,0,1
1381330534,524,0,0,0,0,0,0,0,0,1
1381330547,582,0,0,0,0,0,0,0,0,1
1381330549,582,0,0,0,0,0,0,0,0,1
1381330562,645,0,0,0,0,0,0,0,0,1
1381330564,645,0,0,0,0,0,0,0,0,1
1381330577,793,0,0,0,0,0,0,0,0,1
1381330579,793,0,0,0,0,0,0,0,0,1
1381330592,867,0,0,0,0,0,0,0,0,1
1381330594,867,0,0,0,0,0,0,0,0,1
1381330607,948,0,0,0,0,0,0,0,0,1
1381330622,812,0,0,0,0,0,0,0,0,1
1381330636,725,0,0,0,0,0,0,0,0,1
1381330638,725,0,0,0,0,0,0,0,0,1
1381330651,813,0,0,0,0,0,0,0,0,1
1381330653,813,0,0,0,0,0,0,0,0,1
1381330666,949,0,0,0,0,0,0,0,0,1
1381330668,949,0,0,0,0,0,0,0,0,1
1381330681,902,0,0,0,0,0,0,0,0,1
1381330681,1020,0,0,0,0,0,0,0,0,1
1381330696,1081,0,0,0,0,0,0,0,0,1
1381330711,1236,0,0,0,0,0,0,0,0,1
1381330712,1236,0,0,0,0,0,0,0,0,1
1381330725,961,0,0,0,0,0,0,0,0,1
1381330740,931,972,0,0,0,0,0,0,0,1
1381330755,819,87,0,0,0,0,0,0,0,1
1381330757,819,93,0,0,0,0,0,0,0,1
1381330770,704,85,0,0,0,0,0,0,0,1
1381330772,704,85,0,0,0,0,0,0,0,1
1381330785,722,85,0,0,0,0,0,0,0,1
1381330787,722,85,0,0,0,0,0,0,0,1
1381330798,661,86,0,0,0,0,0,0,0,1
1381330801,604,85,0,0,0,0,0,0,0,1
1381330814,550,84,0,0,0,0,0,0,0,1
1381330816,550,84,0,0,0,0,0,0,0,1
1381330827,526,85,0,0,0,0,0,0,0,1
1381330829,526,85,0,0,0,0,0,0,0,1
1381330831,523,84,0,0,0,0,0,0,0,1
1381330844,519,84,0,0,0,0,0,0,0,1
1381330846,519,84,0,0,0,0,0,0,0,1
1381330859,505,84,0,0,0,0,0,0,0,1
1381330861,505,84,0,0,0,0,0,0,0,1
1381330874,460,84,0,0,0,0,0,0,0,1
1381330877,460,84,0,0,0,0,0,0,0,1
1381330887,422,84,0,0,0,0,0,0,0,1
1381330890,422,84,0,0,0,0,0,0,0,1
1381330892,422,84,0,0,0,0,0,0,0,1
1381330903,361,84,0,0,0,0,0,0,0,1
1381330907,361,83,0,0,0,0,0,0,0,1
1381330918,366,84,0,0,0,0,0,0,0,1
1381330922,366,84,0,0,0,0,0,0,0,1
1381330933,471,83,0,0,0,0,0,0,0,1
1381330935,447,83,0,0,0,0,0,0,0,1
1381330937,447,83,0,0,0,0,0,0,0,1
1381330948,538,83,0,0,0,0,0,0,0,1
1381330950,538,83,0,0,0,0,0,0,0,1
1381330952,538,83,0,0,0,0,0,0,0,1
1381330965,375,84,0,0,0,0,0,0,0,1
1381330966,375,84,0,0,0,0,0,0,0,1
1381330979,403,84,0,0,0,0,0,0,0,1
1381330981,403,83,0,0,0,0,0,0,0,1
1381330994,456,84,0,0,0,0,0,0,0,1
1381330996,456,84,0,0,0,0,0,0,0,1
1381331009,1068,84,0,0,0,0,0,0,0,1
1381331011,1068,84,0,0,0,0,0,0,0,1
1381331024,1200,83,0,0,0,0,0,0,0,1
1381331026,1200,83,0,0,0,0,0,0,0,1
1381331039,1396,84,0,0,0,0,0,0,0,1
1381331054,1752,84,0,0,0,0,0,0,0,1
1381331055,1752,84,0,0,0,0,0,0,0,1
1381331057,1752,84,0,0,0,0,0,0,0,1
1381331068,1723,84,0,0,0,0,0,0,0,1
1381331072,1723,84,0,0,0,0,0,0,0,1
1381331083,1721,83,0,0,0,0,0,0,0,1
1381331087,1485,84,0,0,0,0,0,0,0,1
1381331098,1037,84,0,0,0,0,0,0,0,1
1381331100,1572,83,0,0,0,0,0,0,0,1
1381331113,1665,83,0,0,0,0,0,0,0,1
1381331115,1665,83,0,0,0,0,0,0,0,1
1381331117,1665,83,0,0,0,0,0,0,0,1
1381331126,1632,83,0,0,0,0,0,0,0,1
1381331130,1632,83,0,0,0,0,0,0,0,1
1381331131,1446,83,0,0,0,0,0,0,0,1
1381331144,1446,84,0,0,0,0,0,0,0,1
1381331146,1446,84,0,0,0,0,0,0,0,1
1381331159,1615,83,0,0,0,0,0,0,0,1
1381331161,1615,83,0,0,0,0,0,0,0,1
1381331174,1594,83,0,0,0,0,0,0,0,1
1381331176,1140,83,0,0,0,0,0,0,0,1
1381331176,1594,83,0,0,0,0,0,0,0,1
1381331189,619,83,0,0,0,0,0,0,0,1
1381331189,1341,83,0,0,0,0,0,0,0,1
1381331191,619,83,0,0,0,0,0,0,0,1
1381331204,879,83,0,0,0,0,0,0,0,1
1381331206,879,83,0,0,0,0,0,0,0,1
1381331219,488,82,0,0,0,0,0,0,0,1
1381331220,887,82,0,0,0,0,0,0,0,1
1381331233,787,82,0,0,0,0,0,0,0,1
1381331235,787,82,0,0,0,0,0,0,0,1
1381331237,787,82,0,0,0,0,0,0,0,1
1381331248,699,80,0,0,0,0,0,0,0,1
1381331250,699,80,0,0,0,0,0,0,0,1
1381331252,455,80,0,0,0,0,0,0,0,1
1381331265,501,81,0,0,0,0,0,0,0,1
1381331278,530,81,0,0,0,0,0,0,0,1
1381331280,530,81,0,0,0,0,0,0,0,1
1381331293,613,81,0,0,0,0,0,0,0,1
1381331295,892,81,0,0,0,0,0,0,0,1
1381331298,892,80,0,0,0,0,0,0,0,1
1381331308,945,80,0,0,0,0,0,0,0,1
1381331309,945,80,0,0,0,0,0,0,0,1
1381331311,945,80,0,0,0,0,0,0,0,1
1381331324,1358,80,0,0,0,0,0,0,0,1
1381331326,1656,80,0,0,0,0,0,0,0,1
1381331339,906,80,0,0,0,0,0,0,0,1
1381331341,906,80,0,0,0,0,0,0,0,1
1381331354,900,79,0,0,0,0,0,0,0,1
1381331356,900,79,0,0,0,0,0,0,0,1
1381331358,1257,79,0,0,0,0,0,0,0,1
1381331367,1409,79,0,0,0,0,0,0,0,1
1381331369,1129,79,0,0,0,0,0,0,0,1
1381331371,1129,80,0,0,0,0,0,0,0,1
1381331384,451,79,0,0,0,0,0,0,0,1
1381331387,451,79,0,0,0,0,0,0,0,1
1381331398,243,79,0,0,0,0,0,0,0,1
1381331400,216,79,0,0,0,0,0,0,0,1
1381331413,197,79,0,0,0,0,0,0,0,1
1381331415,197,79,0,0,0,0,0,0,0,1
1381331417,197,79,0,0,0,0,0,0,0,1
1381331428,194,78,0,0,0,0,0,0,0,1
1381331430,194,78,0,0,0,0,0,0,0,1
1381331432,198,78,0,0,0,0,0,0,0,1
1381331445,197,78,0,0,0,0,0,0,0,1
1381331458,198,78,0,0,0,0,0,0,0,1
1381331460,198,78,0,0,0,0,0,0,0,1
1381331473,193,77,0,0,0,0,0,0,0,1
1381331475,183,77,0,0,0,0,0,0,0,1
1381331476,183,77,0,0,0,0,0,0,0,1
1381331488,178,77,0,0,0,0,0,0,0,1
1381331489,178,77,0,0,0,0,0,0,0,1
1381331491,178,77,0,0,0,0,0,0,0,1
1381331504,175,78,0,0,0,0,0,0,0,1
1381331506,174,78,0,0,0,0,0,0,0,1
1381331519,172,77,0,0,0,0,0,0,0,1
1381331521,172,76,0,0,0,0,0,0,0,1
1381331532,174,77,0,0,0,0,0,0,0,1
1381331534,174,77,0,0,0,0,0,0,0,1
1381331538,170,77,0,0,0,0,0,0,0,1
1381331547,170,76,0,0,0,0,0,0,0,1
1381331549,171,76,271,0,0,0,0,0,0,1
1381331552,171,76,271,0,0,0,0,0,0,1
1381331564,153,76,57,0,0,0,0,0,0,1
1381331567,157,76,57,0,0,0,0,0,0,1
1381331578,153,76,59,0,0,0,0,0,0,1
1381331580,153,76,59,0,0,0,0,0,0,1
1381331593,152,75,59,0,0,0,0,0,0,1
1381331595,152,75,59,0,0,0,0,0,0,1
1381331597,152,75,59,0,0,0,0,0,0,1
1381331608,160,76,56,0,0,0,0,0,0,1
1381331610,156,76,55,0,0,0,0,0,0,1
1381331625,158,75,53,0,0,0,0,0,0,1
1381331638,170,74,53,0,0,0,0,0,0,1
1381331641,166,74,53,0,0,0,0,0,0,1
1381331654,174,75,51,0,0,0,0,0,0,1
1381331658,174,75,51,0,0,0,0,0,0,1
1381331667,182,75,50,0,0,0,0,0,0,1
1381331669,182,74,50,0,0,0,0,0,0,1
1381331671,182,74,50,0,0,0,0,0,0,1
1381331684,171,74,50,0,0,0,0,0,0,1
1381331686,171,74,50,0,0,0,0,0,0,1
1381331699,171,74,49,0,0,0,0,0,0,1
1381331701,171,74,49,0,0,0,0,0,0,1
1381331712,166,74,49,0,0,0,0,0,0,1
1381331716,167,74,48,0,0,0,0,0,0,1
1381331727,163,74,49,0,0,0,0,0,0,1
1381331730,163,74,49,0,0,0,0,0,0,1
1381331732,166,73,49,0,0,0,0,0,0,1
1381331745,170,74,49,0,0,0,0,0,0,1
1381331760,167,73,49,0,0,0,0,0,0,1
1381331773,163,74,49,0,0,0,0,0,0,1
1381331775,162,73,49,0,0,0,0,0,0,1
1381331777,162,73,49,0,0,0,0,0,0,1
1381331788,152,73,48,0,0,0,0,0,0,1
1381331790,152,73,48,0,0,0,0,0,0,1
1381331792,152,73,48,0,0,0,0,0,0,1
1381331805,151,73,48,0,0,0,0,0,0,1
1381331805,158,73,48,0,0,0,0,0,0,1
1381331819,155,73,48,0,0,0,0,0,0,1
1381331821,155,73,48,0,0,0,0,0,0,1
1381331834,152,73,47,0,0,0,0,0,0,1
1381331834,152,73,48,0,0,0,0,0,0,1
1381331836,159,73,48,0,0,0,0,0,0,1
1381331847,164,72,48,0,0,0,0,0,0,1
1381331849,164,73,48,0,0,0,0,0,0,1
1381331851,164,73,48,0,0,0,0,0,0,1
1381331864,166,72,48,0,0,0,0,0,0,1
1381331866,172,72,48,0,0,0,0,0,0,1
1381331879,177,73,47,0,0,0,0,0,0,1
1381331881,177,72,47,0,0,0,0,0,0,1
1381331894,184,72,47,0,0,0,0,0,0,1
1381331895,184,72,47,0,0,0,0,0,0,1
1381331897,184,72,48,0,0,0,0,0,0,1
1381331908,193,72,48,0,0,0,0,0,0,1
1381331910,196,72,48,0,0,0,0,0,0,1
1381331925,198,72,48,0,0,0,0,0,0,1
1381331938,198,72,47,0,0,0,0,0,0,1
1381331940,201,72,47,0,0,0,0,0,0,1
1381331953,202,72,48,0,0,0,0,0,0,1
1381331955,202,72,48,0,0,0,0,0,0,1
1381331957,202,71,48,0,0,0,0,0,0,1
1381331968,202,71,47,0,0,0,0,0,0,1
1381331972,197,71,47,0,0,0,0,0,0,1
1381331983,197,72,48,0,0,0,0,0,0,1
1381331986,197,72,48,0,0,0,0,0,0,1
1381331997,193,71,47,0,0,0,0,0,0,1
1381332001,193,71,47,0,0,0,0,0,0,1
1381332012,193,72,47,0,0,0,0,0,0,1
1381332016,190,72,47,0,0,0,0,0,0,1
1381332027,184,71,47,0,0,0,0,0,0,1
1381332029,184,71,47,0,0,0,0,0,0,1
1381332031,184,71,47,0,0,0,0,0,0,1
1381332044,180,71,47,0,0,0,0,0,0,1
1381332046,180,71,47,0,0,0,0,0,0,1
1381332059,178,71,46,0,0,0,0,0,0,1
1381332061,178,71,46,0,0,0,0,0,0,1
1381332075,173,71,47,0,0,0,0,0,0,1
1381332077,173,71,47,0,0,0,0,0,0,1
1381332088,171,71,47,0,0,0,0,0,0,1
1381332092,171,71,47,0,0,0,0,0,0,1
1381332105,168,71,47,0,0,0,0,0,0,1
1381332107,168,71,47,0,0,0,0,0,0,1
1381332120,164,70,47,0,0,0,0,0,0,1
1381332122,164,70,47,0,0,0,0,0,0,1
1381332135,163,70,47,0,0,0,0,0,0,1
1381332137,163,70,47,0,0,0,0,0,0,1
1381332150,160,71,46,0,0,0,0,0,0,1
1381332151,160,71,46,0,0,0,0,0,0,1
1381332164,160,71,46,0,0,0,0,0,0,1
1381332166,160,71,46,0,0,0,0,0,0,1
1381332179,159,70,46,0,0,0,0,0,0,1
1381332194,162,70,46,0,0,0,0,0,0,1
1381332198,165,69,46,0,0,0,0,0,0,1
1381332209,161,69,46,0,0,0,0,0,0,1
1381332211,161,70,46,0,0,0,0,0,0,1
1381332224,162,70,46,0,0,0,0,0,0,1
1381332227,162,70,46,0,0,0,0,0,0,1
1381332239,161,69,46,0,0,0,0,0,0,1
